{
  "train_loss": [
    0.43669771467861923,
    0.05318553506842126,
    0.0071988790599710265,
    0.0032669630853216286,
    0.003715426550985759,
    0.0016334721952697018,
    0.00041393075725468606,
    0.0003156582888155042,
    0.00045557620773172897
  ],
  "train_acc": [
    0.7391304347826086,
    0.9782608695652174,
    1.0,
    1.0,
    1.0,
    1.0,
    1.0,
    1.0,
    1.0
  ],
  "val_loss": [
    0.11655708402395248,
    0.0028830517549067736,
    0.00030521705048158765,
    0.00010111796291312203,
    5.020550452172756e-05,
    2.8822973035858013e-05,
    2.250555917271413e-05,
    2.6391309802420437e-05,
    2.8083846700610593e-05
  ],
  "val_acc": [
    1.0,
    1.0,
    1.0,
    1.0,
    1.0,
    1.0,
    1.0,
    1.0,
    1.0
  ]
}